"","x"
"1","DTLZ1_10_1000normal.csv"
"2","DTLZ1_10_1000normal_noisy.csv"
"3","DTLZ1_10_1000uniform.csv"
"4","DTLZ1_10_1000uniform_noisy.csv"
"5","DTLZ1_10_100normal.csv"
"6","DTLZ1_10_100normal_noisy.csv"
"7","DTLZ1_10_100uniform.csv"
"8","DTLZ1_10_100uniform_noisy.csv"
"9","DTLZ1_10_500normal.csv"
"10","DTLZ1_10_500normal_noisy.csv"
"11","DTLZ1_10_500uniform.csv"
"12","DTLZ1_10_500uniform_noisy.csv"
"13","DTLZ1_20_1000normal.csv"
"14","DTLZ1_20_1000normal_noisy.csv"
"15","DTLZ1_20_1000uniform.csv"
"16","DTLZ1_20_1000uniform_noisy.csv"
"17","DTLZ1_20_100normal.csv"
"18","DTLZ1_20_100normal_noisy.csv"
"19","DTLZ1_20_100uniform.csv"
"20","DTLZ1_20_100uniform_noisy.csv"
"21","DTLZ1_20_500normal.csv"
"22","DTLZ1_20_500normal_noisy.csv"
"23","DTLZ1_20_500uniform.csv"
"24","DTLZ1_20_500uniform_noisy.csv"
"25","DTLZ1_5_1000normal.csv"
"26","DTLZ1_5_1000normal_noisy.csv"
"27","DTLZ1_5_1000uniform.csv"
"28","DTLZ1_5_1000uniform_noisy.csv"
"29","DTLZ1_5_100normal.csv"
"30","DTLZ1_5_100normal_noisy.csv"
"31","DTLZ1_5_100uniform.csv"
"32","DTLZ1_5_100uniform_noisy.csv"
"33","DTLZ1_5_500normal.csv"
"34","DTLZ1_5_500normal_noisy.csv"
"35","DTLZ1_5_500uniform.csv"
"36","DTLZ1_5_500uniform_noisy.csv"
"37","DTLZ2_10_1000normal.csv"
"38","DTLZ2_10_1000normal_noisy.csv"
"39","DTLZ2_10_1000uniform.csv"
"40","DTLZ2_10_1000uniform_noisy.csv"
"41","DTLZ2_10_100normal.csv"
"42","DTLZ2_10_100normal_noisy.csv"
"43","DTLZ2_10_100uniform.csv"
"44","DTLZ2_10_100uniform_noisy.csv"
"45","DTLZ2_10_500normal.csv"
"46","DTLZ2_10_500normal_noisy.csv"
"47","DTLZ2_10_500uniform.csv"
"48","DTLZ2_10_500uniform_noisy.csv"
"49","DTLZ2_20_1000normal.csv"
"50","DTLZ2_20_1000normal_noisy.csv"
"51","DTLZ2_20_1000uniform.csv"
"52","DTLZ2_20_1000uniform_noisy.csv"
"53","DTLZ2_20_100normal.csv"
"54","DTLZ2_20_100normal_noisy.csv"
"55","DTLZ2_20_100uniform.csv"
"56","DTLZ2_20_100uniform_noisy.csv"
"57","DTLZ2_20_500normal.csv"
"58","DTLZ2_20_500normal_noisy.csv"
"59","DTLZ2_20_500uniform.csv"
"60","DTLZ2_20_500uniform_noisy.csv"
"61","DTLZ2_5_1000normal.csv"
"62","DTLZ2_5_1000normal_noisy.csv"
"63","DTLZ2_5_1000uniform.csv"
"64","DTLZ2_5_1000uniform_noisy.csv"
"65","DTLZ2_5_100normal.csv"
"66","DTLZ2_5_100normal_noisy.csv"
"67","DTLZ2_5_100uniform.csv"
"68","DTLZ2_5_100uniform_noisy.csv"
"69","DTLZ2_5_500normal.csv"
"70","DTLZ2_5_500normal_noisy.csv"
"71","DTLZ2_5_500uniform.csv"
"72","DTLZ2_5_500uniform_noisy.csv"
"73","DTLZ3_10_1000normal.csv"
"74","DTLZ3_10_1000normal_noisy.csv"
"75","DTLZ3_10_1000uniform.csv"
"76","DTLZ3_10_1000uniform_noisy.csv"
"77","DTLZ3_10_100normal.csv"
"78","DTLZ3_10_100normal_noisy.csv"
"79","DTLZ3_10_100uniform.csv"
"80","DTLZ3_10_100uniform_noisy.csv"
"81","DTLZ3_10_500normal.csv"
"82","DTLZ3_10_500normal_noisy.csv"
"83","DTLZ3_10_500uniform.csv"
"84","DTLZ3_10_500uniform_noisy.csv"
"85","DTLZ3_20_1000normal.csv"
"86","DTLZ3_20_1000normal_noisy.csv"
"87","DTLZ3_20_1000uniform.csv"
"88","DTLZ3_20_1000uniform_noisy.csv"
"89","DTLZ3_20_100normal.csv"
"90","DTLZ3_20_100normal_noisy.csv"
"91","DTLZ3_20_100uniform.csv"
"92","DTLZ3_20_100uniform_noisy.csv"
"93","DTLZ3_20_500normal.csv"
"94","DTLZ3_20_500normal_noisy.csv"
"95","DTLZ3_20_500uniform.csv"
"96","DTLZ3_20_500uniform_noisy.csv"
"97","DTLZ3_5_1000normal.csv"
"98","DTLZ3_5_1000normal_noisy.csv"
"99","DTLZ3_5_1000uniform.csv"
"100","DTLZ3_5_1000uniform_noisy.csv"
"101","DTLZ3_5_100normal.csv"
"102","DTLZ3_5_100normal_noisy.csv"
"103","DTLZ3_5_100uniform.csv"
"104","DTLZ3_5_100uniform_noisy.csv"
"105","DTLZ3_5_500normal.csv"
"106","DTLZ3_5_500normal_noisy.csv"
"107","DTLZ3_5_500uniform.csv"
"108","DTLZ3_5_500uniform_noisy.csv"
"109","DTLZ4_10_1000normal.csv"
"110","DTLZ4_10_1000normal_noisy.csv"
"111","DTLZ4_10_1000uniform.csv"
"112","DTLZ4_10_1000uniform_noisy.csv"
"113","DTLZ4_10_100normal.csv"
"114","DTLZ4_10_100normal_noisy.csv"
"115","DTLZ4_10_100uniform.csv"
"116","DTLZ4_10_100uniform_noisy.csv"
"117","DTLZ4_10_500normal.csv"
"118","DTLZ4_10_500normal_noisy.csv"
"119","DTLZ4_10_500uniform.csv"
"120","DTLZ4_10_500uniform_noisy.csv"
"121","DTLZ4_20_1000normal.csv"
"122","DTLZ4_20_1000normal_noisy.csv"
"123","DTLZ4_20_1000uniform.csv"
"124","DTLZ4_20_1000uniform_noisy.csv"
"125","DTLZ4_20_100normal.csv"
"126","DTLZ4_20_100normal_noisy.csv"
"127","DTLZ4_20_100uniform.csv"
"128","DTLZ4_20_100uniform_noisy.csv"
"129","DTLZ4_20_500normal.csv"
"130","DTLZ4_20_500normal_noisy.csv"
"131","DTLZ4_20_500uniform.csv"
"132","DTLZ4_20_500uniform_noisy.csv"
"133","DTLZ4_5_1000normal.csv"
"134","DTLZ4_5_1000normal_noisy.csv"
"135","DTLZ4_5_1000uniform.csv"
"136","DTLZ4_5_1000uniform_noisy.csv"
"137","DTLZ4_5_100normal.csv"
"138","DTLZ4_5_100normal_noisy.csv"
"139","DTLZ4_5_100uniform.csv"
"140","DTLZ4_5_100uniform_noisy.csv"
"141","DTLZ4_5_500normal.csv"
"142","DTLZ4_5_500normal_noisy.csv"
"143","DTLZ4_5_500uniform.csv"
"144","DTLZ4_5_500uniform_noisy.csv"
"145","DTLZ5_10_1000normal.csv"
"146","DTLZ5_10_1000normal_noisy.csv"
"147","DTLZ5_10_1000uniform.csv"
"148","DTLZ5_10_1000uniform_noisy.csv"
"149","DTLZ5_10_100normal.csv"
"150","DTLZ5_10_100normal_noisy.csv"
"151","DTLZ5_10_100uniform.csv"
"152","DTLZ5_10_100uniform_noisy.csv"
"153","DTLZ5_10_500normal.csv"
"154","DTLZ5_10_500normal_noisy.csv"
"155","DTLZ5_10_500uniform.csv"
"156","DTLZ5_10_500uniform_noisy.csv"
"157","DTLZ5_20_1000normal.csv"
"158","DTLZ5_20_1000normal_noisy.csv"
"159","DTLZ5_20_1000uniform.csv"
"160","DTLZ5_20_1000uniform_noisy.csv"
"161","DTLZ5_20_100normal.csv"
"162","DTLZ5_20_100normal_noisy.csv"
"163","DTLZ5_20_100uniform.csv"
"164","DTLZ5_20_100uniform_noisy.csv"
"165","DTLZ5_20_500normal.csv"
"166","DTLZ5_20_500normal_noisy.csv"
"167","DTLZ5_20_500uniform.csv"
"168","DTLZ5_20_500uniform_noisy.csv"
"169","DTLZ5_5_1000normal.csv"
"170","DTLZ5_5_1000normal_noisy.csv"
"171","DTLZ5_5_1000uniform.csv"
"172","DTLZ5_5_1000uniform_noisy.csv"
"173","DTLZ5_5_100normal.csv"
"174","DTLZ5_5_100normal_noisy.csv"
"175","DTLZ5_5_100uniform.csv"
"176","DTLZ5_5_100uniform_noisy.csv"
"177","DTLZ5_5_500normal.csv"
"178","DTLZ5_5_500normal_noisy.csv"
"179","DTLZ5_5_500uniform.csv"
"180","DTLZ5_5_500uniform_noisy.csv"
"181","DTLZ6_10_1000normal.csv"
"182","DTLZ6_10_1000normal_noisy.csv"
"183","DTLZ6_10_1000uniform.csv"
"184","DTLZ6_10_1000uniform_noisy.csv"
"185","DTLZ6_10_100normal.csv"
"186","DTLZ6_10_100normal_noisy.csv"
"187","DTLZ6_10_100uniform.csv"
"188","DTLZ6_10_100uniform_noisy.csv"
"189","DTLZ6_10_500normal.csv"
"190","DTLZ6_10_500normal_noisy.csv"
"191","DTLZ6_10_500uniform.csv"
"192","DTLZ6_10_500uniform_noisy.csv"
"193","DTLZ6_20_1000normal.csv"
"194","DTLZ6_20_1000normal_noisy.csv"
"195","DTLZ6_20_1000uniform.csv"
"196","DTLZ6_20_1000uniform_noisy.csv"
"197","DTLZ6_20_100normal.csv"
"198","DTLZ6_20_100normal_noisy.csv"
"199","DTLZ6_20_100uniform.csv"
"200","DTLZ6_20_100uniform_noisy.csv"
"201","DTLZ6_20_500normal.csv"
"202","DTLZ6_20_500normal_noisy.csv"
"203","DTLZ6_20_500uniform.csv"
"204","DTLZ6_20_500uniform_noisy.csv"
"205","DTLZ6_5_1000normal.csv"
"206","DTLZ6_5_1000normal_noisy.csv"
"207","DTLZ6_5_1000uniform.csv"
"208","DTLZ6_5_1000uniform_noisy.csv"
"209","DTLZ6_5_100normal.csv"
"210","DTLZ6_5_100normal_noisy.csv"
"211","DTLZ6_5_100uniform.csv"
"212","DTLZ6_5_100uniform_noisy.csv"
"213","DTLZ6_5_500normal.csv"
"214","DTLZ6_5_500normal_noisy.csv"
"215","DTLZ6_5_500uniform.csv"
"216","DTLZ6_5_500uniform_noisy.csv"
"217","DTLZ7_10_1000normal.csv"
"218","DTLZ7_10_1000normal_noisy.csv"
"219","DTLZ7_10_1000uniform.csv"
"220","DTLZ7_10_1000uniform_noisy.csv"
"221","DTLZ7_10_100normal.csv"
"222","DTLZ7_10_100normal_noisy.csv"
"223","DTLZ7_10_100uniform.csv"
"224","DTLZ7_10_100uniform_noisy.csv"
"225","DTLZ7_10_500normal.csv"
"226","DTLZ7_10_500normal_noisy.csv"
"227","DTLZ7_10_500uniform.csv"
"228","DTLZ7_10_500uniform_noisy.csv"
"229","DTLZ7_20_1000normal.csv"
"230","DTLZ7_20_1000normal_noisy.csv"
"231","DTLZ7_20_1000uniform.csv"
"232","DTLZ7_20_1000uniform_noisy.csv"
"233","DTLZ7_20_100normal.csv"
"234","DTLZ7_20_100normal_noisy.csv"
"235","DTLZ7_20_100uniform.csv"
"236","DTLZ7_20_100uniform_noisy.csv"
"237","DTLZ7_20_500normal.csv"
"238","DTLZ7_20_500normal_noisy.csv"
"239","DTLZ7_20_500uniform.csv"
"240","DTLZ7_20_500uniform_noisy.csv"
"241","DTLZ7_5_1000normal.csv"
"242","DTLZ7_5_1000normal_noisy.csv"
"243","DTLZ7_5_1000uniform.csv"
"244","DTLZ7_5_1000uniform_noisy.csv"
"245","DTLZ7_5_100normal.csv"
"246","DTLZ7_5_100normal_noisy.csv"
"247","DTLZ7_5_100uniform.csv"
"248","DTLZ7_5_100uniform_noisy.csv"
"249","DTLZ7_5_500normal.csv"
"250","DTLZ7_5_500normal_noisy.csv"
"251","DTLZ7_5_500uniform.csv"
"252","DTLZ7_5_500uniform_noisy.csv"
